Clave;Tipo;Resumen;Estado;Prioridad;Puntos;Epica;Sprint;Estado Sprint;Version;Responsable;Etiquetas;Creado;Resuelto
PHO-1;Epic;FASE SUM: Concepto;Finalizada;Medium;;;;;;PAULO ANDRE HIDALGO CHINCHAY;;2026-09-25;2026-09-25
PHO-2;Epic;FASE SUM: Planificacion;Finalizada;Medium;;;;;;PAULO ANDRE HIDALGO CHINCHAY;;2026-09-25;2026-09-25
PHO-3;Epic;FASE SUM: Elaboracion Iterativa;Tareas por hacer;Medium;;;;;;PAULO ANDRE HIDALGO CHINCHAY;;2026-09-25;
PHO-4;Epic;FASE SUM: Beta;Tareas por hacer;Medium;;;;;;PAULO ANDRE HIDALGO CHINCHAY;;2026-09-25;
PHO-5;Epic;FASE SUM: Cierre;Tareas por hacer;Medium;;;;;;PAULO ANDRE HIDALGO CHINCHAY;;2026-09-25;
PHO-6;Epic;Gestion de Riesgos;Tareas por hacer;Medium;;;;;;PAULO ANDRE HIDALGO CHINCHAY;;2026-09-25;
PHO-7;Tarea;[C-01] Ficha de concepto del juego;Finalizada;Highest;2.0;FASE SUM: Concepto;ITER-1 Nucleo jugable;closed;v0.1.0-alpha-it1;PAULO ANDRE HIDALGO CHINCHAY;"SUM; concepto";2026-09-25;2026-09-25
PHO-8;Tarea;[C-02] Boceto y prototipo de concepto (escena habitacion);Finalizada;High;3.0;FASE SUM: Concepto;ITER-1 Nucleo jugable;closed;v0.1.0-alpha-it1;PAULO ANDRE HIDALGO CHINCHAY;"SUM; concepto; prototipo";2026-09-25;2026-09-25
PHO-9;Tarea;[P-01] Definicion de roles SUM del equipo;Finalizada;Highest;2.0;FASE SUM: Planificacion;ITER-1 Nucleo jugable;closed;v0.1.0-alpha-it1;PAULO ANDRE HIDALGO CHINCHAY;"SUM; planificacion; roles";2026-09-25;2026-09-25
PHO-10;Tarea;[P-02] Construccion del Product Backlog priorizado;Finalizada;Highest;3.0;FASE SUM: Planificacion;ITER-1 Nucleo jugable;closed;v0.1.0-alpha-it1;PAULO ANDRE HIDALGO CHINCHAY;"SUM; backlog; planificacion";2026-09-25;2026-09-25
PHO-11;Tarea;[P-03] Cronograma: iteraciones, hitos y entregables;Finalizada;High;2.0;FASE SUM: Planificacion;ITER-1 Nucleo jugable;closed;v0.1.0-alpha-it1;PAULO ANDRE HIDALGO CHINCHAY;"SUM; cronograma; planificacion";2026-09-25;2026-09-25
PHO-12;Tarea;[P-04] Definition of Done (DoD) del equipo;Finalizada;Medium;1.0;FASE SUM: Planificacion;ITER-1 Nucleo jugable;closed;v0.1.0-alpha-it1;PAULO ANDRE HIDALGO CHINCHAY;"DoD; SUM; planificacion";2026-09-25;2026-09-25
PHO-13;Tarea;[P-05] Configuracion de herramientas de gestion (Jira + Git);Finalizada;Medium;1.0;FASE SUM: Planificacion;ITER-1 Nucleo jugable;closed;v0.1.0-alpha-it1;PAULO ANDRE HIDALGO CHINCHAY;"SUM; herramientas; planificacion";2026-09-25;2026-09-25
PHO-14;Tarea;[R-REG] Registro de riesgos del proyecto (matriz viva);En curso;Highest;3.0;Gestion de Riesgos;;;;PAULO ANDRE HIDALGO CHINCHAY;"SUM; riesgos";2026-09-25;
PHO-15;Historia;[HU-01] Movimiento en primera persona con WASD y mouse;Finalizada;Highest;3.0;FASE SUM: Elaboracion Iterativa;ITER-1 Nucleo jugable;closed;v0.1.0-alpha-it1;PAULO ANDRE HIDALGO CHINCHAY;"gameplay; iter-1";2026-09-25;2026-09-25
PHO-16;Historia;[HU-02] Escena de habitacion modular con atmosfera oscura;Finalizada;High;5.0;FASE SUM: Elaboracion Iterativa;ITER-1 Nucleo jugable;closed;v0.1.0-alpha-it1;PAULO ANDRE HIDALGO CHINCHAY;"iter-1; nivel";2026-09-25;2026-09-25
PHO-17;Historia;[HU-03] Interruptor de luz interactivo con tecla E (Raycast);Finalizada;Highest;3.0;FASE SUM: Elaboracion Iterativa;ITER-1 Nucleo jugable;closed;v0.1.0-alpha-it1;PAULO ANDRE HIDALGO CHINCHAY;"gameplay; iter-1";2026-09-25;2026-09-25
PHO-18;Historia;[HU-04] Objeto clave oculto (botiquin) visible solo con luz encendida;Finalizada;Highest;5.0;FASE SUM: Elaboracion Iterativa;ITER-1 Nucleo jugable;closed;v0.1.0-alpha-it1;PAULO ANDRE HIDALGO CHINCHAY;"gameplay; iter-1";2026-09-25;2026-09-25
PHO-19;Historia;[HU-05] Temporizador de nivel con condicion de derrota;Finalizada;High;3.0;FASE SUM: Elaboracion Iterativa;ITER-1 Nucleo jugable;closed;v0.1.0-alpha-it1;PAULO ANDRE HIDALGO CHINCHAY;"UI; gameplay; iter-1";2026-09-25;2026-09-25
PHO-20;Historia;[HU-06] Pantalla de victoria al encontrar el objeto clave;Finalizada;High;3.0;FASE SUM: Elaboracion Iterativa;ITER-1 Nucleo jugable;closed;v0.1.0-alpha-it1;PAULO ANDRE HIDALGO CHINCHAY;"UI; gameplay; iter-1";2026-09-25;2026-09-25
PHO-21;Historia;[HU-07] Sistema de ansiedad con audio de latido y efectos visuales;Finalizada;Highest;5.0;FASE SUM: Elaboracion Iterativa;ITER-2 Atmosfera y sistemas;closed;v0.2.0-alpha-it2;PAULO ANDRE HIDALGO CHINCHAY;"iter-2; terror";2026-09-25;2026-09-25
PHO-22;Historia;[HU-08] Luces parpadeantes (flickering) en zonas de tension;Finalizada;Medium;3.0;FASE SUM: Elaboracion Iterativa;ITER-2 Atmosfera y sistemas;closed;v0.2.0-alpha-it2;GABRIEL ALBERTO BERNEDO KASENG;"iluminacion; iter-2; terror";2026-09-25;2026-09-25
PHO-23;Historia;[HU-09] Menu principal y menu de pausa;Finalizada;Medium;3.0;FASE SUM: Elaboracion Iterativa;ITER-2 Atmosfera y sistemas;closed;v0.2.0-alpha-it2;PAULO ANDRE HIDALGO CHINCHAY;"UI; iter-2";2026-09-25;2026-09-25
PHO-24;Historia;[HU-10] Generacion procedural de niveles con semilla;Finalizada;Highest;8.0;FASE SUM: Elaboracion Iterativa;ITER-2 Atmosfera y sistemas;closed;v0.2.0-alpha-it2;PAULO ANDRE HIDALGO CHINCHAY;"iter-2; nivel; procedural";2026-09-25;2026-09-25
PHO-25;Historia;[HU-11] HUD: reloj, nivel de ansiedad y mision activa;Finalizada;High;3.0;FASE SUM: Elaboracion Iterativa;ITER-2 Atmosfera y sistemas;closed;v0.2.0-alpha-it2;PAULO ANDRE HIDALGO CHINCHAY;"gameplay; iter-2";2026-09-25;2026-09-25
PHO-26;Historia;[HU-12] Sistema de misiones por nivel;Finalizada;High;5.0;FASE SUM: Elaboracion Iterativa;ITER-2 Atmosfera y sistemas;closed;v0.2.0-alpha-it2;PAULO ANDRE HIDALGO CHINCHAY;"gameplay; iter-2";2026-09-25;2026-09-25
PHO-27;Historia;[HU-13] Minimapa de orientacion;Finalizada;Medium;3.0;FASE SUM: Elaboracion Iterativa;ITER-2 Atmosfera y sistemas;closed;v0.2.0-alpha-it2;GABRIEL ALBERTO BERNEDO KASENG;"UI; iter-2";2026-09-25;2026-09-25
PHO-28;Historia;[HU-14] Triggers de fobia y eventos de terror scripteados;En curso;High;5.0;FASE SUM: Elaboracion Iterativa;ITER-3 Contenido y progresion;active;;GABRIEL ALBERTO BERNEDO KASENG;"iter-3; terror";2026-09-25;
PHO-29;Historia;[HU-15] Entidad que persigue al jugador con niveles altos de ansiedad;En curso;Highest;8.0;FASE SUM: Elaboracion Iterativa;ITER-3 Contenido y progresion;active;;PAULO ANDRE HIDALGO CHINCHAY;"IA; iter-3; terror";2026-09-25;
PHO-30;Historia;[HU-16] Progresion de niveles con dificultad escalada;En curso;High;5.0;FASE SUM: Elaboracion Iterativa;ITER-3 Contenido y progresion;active;;PAULO ANDRE HIDALGO CHINCHAY;"iter-3; nivel";2026-09-25;
PHO-31;Historia;[HU-17] Multiples evidencias y lista de objetos a encontrar por nivel;Tareas por hacer;Medium;5.0;FASE SUM: Elaboracion Iterativa;ITER-3 Contenido y progresion;active;;GABRIEL ALBERTO BERNEDO KASENG;"gameplay; iter-3";2026-09-25;
PHO-32;Historia;[HU-18] Sistema de puntuacion por nivel;Tareas por hacer;Low;3.0;FASE SUM: Elaboracion Iterativa;ITER-3 Contenido y progresion;active;;GABRIEL ALBERTO BERNEDO KASENG;"gameplay; iter-3";2026-09-25;
PHO-33;Tarea;[HU-19] Plan de pruebas beta y build v0.9.0-beta;Tareas por hacer;Highest;3.0;FASE SUM: Beta;SPRINT BETA;future;v0.9.0-beta;PAULO ANDRE HIDALGO CHINCHAY;"SUM; beta; pruebas";2026-09-25;
PHO-34;Tarea;[HU-20] Sesiones beta con 5 usuarios externos y registro de defectos;Tareas por hacer;Highest;5.0;FASE SUM: Beta;SPRINT BETA;future;v0.9.0-beta;GABRIEL ALBERTO BERNEDO KASENG;"SUM; beta; pruebas";2026-09-25;
PHO-35;Tarea;[HU-21] Correccion de defectos criticos de beta y ajustes finales;Tareas por hacer;High;5.0;FASE SUM: Beta;SPRINT BETA;future;v0.9.0-beta;PAULO ANDRE HIDALGO CHINCHAY;"SUM; beta; defectos";2026-09-25;
PHO-36;Tarea;[HU-22] Build final v1.0.0 y paquete de entrega;Tareas por hacer;Highest;3.0;FASE SUM: Cierre;SPRINT CIERRE;future;v1.0.0-release;PAULO ANDRE HIDALGO CHINCHAY;"SUM; cierre";2026-09-25;
PHO-37;Tarea;[HU-23] Manual breve de usuario;Tareas por hacer;Medium;2.0;FASE SUM: Cierre;SPRINT CIERRE;future;v1.0.0-release;GABRIEL ALBERTO BERNEDO KASENG;"SUM; cierre; documento";2026-09-25;
PHO-38;Tarea;[HU-24] Retrospectiva final y acta de cierre;Tareas por hacer;High;2.0;FASE SUM: Cierre;SPRINT CIERRE;future;v1.0.0-release;PAULO ANDRE HIDALGO CHINCHAY;"SUM; cierre; retro";2026-09-25;
